CompetitorDistanceCategory,Sales
Very Close (<500m),6311.022524248652
Close (500m-2km),5767.892970659669
Far (>5km),5634.390719405562
Moderate (2km-5km),5516.575571528401
