Period,Sales
After Competitor,5753.971337584846
Before Competitor,5974.6427373443885
