Open,AvgCustomers,AvgSales
0,0.0,0.0
1,762.7283951055907,6955.514290755952
