HolidayCategory,Sales
Day Before Holiday,6944.033009034051
Day After Holiday,5933.032531794379
Regular Day,5895.109635880106
Holiday,5486.278853360864
