Promo,AvgSales,AvgCustomers,AvgSalesPerCustomer
0,4406.050805160786,517.8235417537579,8.941127696724882
1,7991.152045969903,820.0988146773861,10.178906892166271
