DayOfWeek,Correlation
1,0.8466353699408335
2,0.8317760584865872
3,0.8373400809474799
4,0.8683104206144754
5,0.8432211344219328
6,0.8564701824567245
7,0.9836586618323252
