SeasonalCategory,Sales
Easter,6489.995366218236
Non-Seasonal,5775.991835312149
Christmas,4341.403658536586
