Open,AvgCustomers,AvgSales
1,762.7283951055907,6955.514290755952
