Type,Sales
Weekday,6866.806350816009
Weekend,3025.872894355006
